ticker,date,open,high,low,close,volume
FPT,2026-02-14,97.6,98.3,97.2,97.8,1800000
FPT,2026-02-15,97.82,98.52,97.42,98.02,1812000
FPT,2026-02-16,98.04,98.74,97.64,98.24,1824000
FPT,2026-02-17,98.26,98.96,97.86,98.46,1836000
FPT,2026-02-18,98.48,99.18,98.08,98.68,1848000
FPT,2026-02-19,98.2,98.9,97.8,98.4,1860000
FPT,2026-02-20,98.42,99.12,98.02,98.62,1872000
FPT,2026-02-21,98.64,99.34,98.24,98.84,1884000
FPT,2026-02-22,98.86,99.56,98.46,99.06,1896000
FPT,2026-02-23,99.08,99.78,98.68,99.28,1908000
FPT,2026-02-24,98.8,99.5,98.4,99.0,1800000
FPT,2026-02-25,99.02,99.72,98.62,99.22,1812000
FPT,2026-02-26,99.24,99.94,98.84,99.44,1824000
FPT,2026-02-27,99.46,100.16,99.06,99.66,1836000
FPT,2026-02-28,99.68,100.38,99.28,99.88,1848000
FPT,2026-03-01,99.4,100.1,99.0,99.6,1860000
FPT,2026-03-02,99.62,100.32,99.22,99.82,1872000
FPT,2026-03-03,99.84,100.54,99.44,100.04,1884000
FPT,2026-03-04,100.06,100.76,99.66,100.26,1896000
FPT,2026-03-05,100.28,100.98,99.88,100.48,1908000
FPT,2026-03-06,100.0,100.7,99.6,100.2,1800000
FPT,2026-03-07,100.22,100.92,99.82,100.42,1812000
FPT,2026-03-08,100.44,101.14,100.04,100.64,1824000
FPT,2026-03-09,100.66,101.36,100.26,100.86,1836000
FPT,2026-03-10,100.88,101.58,100.48,101.08,1848000
FPT,2026-03-11,100.6,101.3,100.2,100.8,1860000
FPT,2026-03-12,100.82,101.52,100.42,101.02,1872000
FPT,2026-03-13,101.04,101.74,100.64,101.24,1884000
FPT,2026-03-14,101.26,101.96,100.86,101.46,1896000
FPT,2026-03-15,101.48,102.18,101.08,101.68,1908000
FPT,2026-03-16,101.2,101.9,100.8,101.4,1800000
FPT,2026-03-17,101.42,102.12,101.02,101.62,1812000
FPT,2026-03-18,101.64,102.34,101.24,101.84,1824000
FPT,2026-03-19,101.86,102.56,101.46,102.06,1836000
FPT,2026-03-20,102.08,102.78,101.68,102.28,1848000
FPT,2026-03-21,101.8,102.5,101.4,102.0,1860000
FPT,2026-03-22,102.02,102.72,101.62,102.22,1872000
FPT,2026-03-23,102.24,102.94,101.84,102.44,1884000
FPT,2026-03-24,102.46,103.16,102.06,102.66,1896000
FPT,2026-03-25,102.68,103.38,102.28,102.88,1908000
FPT,2026-03-26,102.4,103.1,102.0,102.6,1800000
FPT,2026-03-27,102.62,103.32,102.22,102.82,1812000
FPT,2026-03-28,102.84,103.54,102.44,103.04,1824000
FPT,2026-03-29,103.06,103.76,102.66,103.26,1836000
FPT,2026-03-30,103.28,103.98,102.88,103.48,1848000
FPT,2026-03-31,103.0,103.7,102.6,103.2,1860000
FPT,2026-04-01,103.22,103.92,102.82,103.42,1872000
FPT,2026-04-02,103.44,104.14,103.04,103.64,1884000
FPT,2026-04-03,103.66,104.36,103.26,103.86,1896000
FPT,2026-04-04,103.88,104.58,103.48,104.08,1908000
FPT,2026-04-05,103.6,104.3,103.2,103.8,1800000
FPT,2026-04-06,103.82,104.52,103.42,104.02,1812000
FPT,2026-04-07,104.04,104.74,103.64,104.24,1824000
FPT,2026-04-08,104.26,104.96,103.86,104.46,1836000
FPT,2026-04-09,104.48,105.18,104.08,104.68,1848000
FPT,2026-04-10,104.2,104.9,103.8,104.4,1860000
FPT,2026-04-11,104.42,105.12,104.02,104.62,1872000
FPT,2026-04-12,104.64,105.34,104.24,104.84,1884000
FPT,2026-04-13,104.86,105.56,104.46,105.06,1896000
FPT,2026-04-14,105.08,105.78,104.68,105.28,1908000
FPT,2026-04-15,104.8,105.5,104.4,105.0,1800000
FPT,2026-04-16,105.02,105.72,104.62,105.22,1812000
FPT,2026-04-17,105.24,105.94,104.84,105.44,1824000
FPT,2026-04-18,105.46,106.16,105.06,105.66,1836000
FPT,2026-04-19,105.68,106.38,105.28,105.88,1848000
FPT,2026-04-20,105.4,106.1,105.0,105.6,1860000
FPT,2026-04-21,105.62,106.32,105.22,105.82,1872000
FPT,2026-04-22,105.84,106.54,105.44,106.04,1884000
FPT,2026-04-23,106.06,106.76,105.66,106.26,1896000
FPT,2026-04-24,106.28,106.98,105.88,106.48,1908000
FPT,2026-04-25,106.0,106.7,105.6,106.2,1800000
FPT,2026-04-26,106.22,106.92,105.82,106.42,1812000
FPT,2026-04-27,106.44,107.14,106.04,106.64,1824000
FPT,2026-04-28,106.66,107.36,106.26,106.86,1836000
FPT,2026-04-29,106.88,107.58,106.48,107.08,1848000
FPT,2026-04-30,106.6,107.3,106.2,106.8,1860000
FPT,2026-05-01,106.82,107.52,106.42,107.02,1872000
FPT,2026-05-02,107.04,107.74,106.64,107.24,1884000
FPT,2026-05-03,107.26,107.96,106.86,107.46,1896000
FPT,2026-05-04,107.48,108.18,107.08,107.68,1908000
FPT,2026-05-05,107.2,107.9,106.8,107.4,1800000
FPT,2026-05-06,107.42,108.12,107.02,107.62,1812000
FPT,2026-05-07,107.64,108.34,107.24,107.84,1824000
FPT,2026-05-08,107.86,108.56,107.46,108.06,1836000
FPT,2026-05-09,108.08,108.78,107.68,108.28,1848000
FPT,2026-05-10,107.8,108.5,107.4,108.0,1860000
FPT,2026-05-11,108.02,108.72,107.62,108.22,1872000
FPT,2026-05-12,108.24,108.94,107.84,108.44,1884000
FPT,2026-05-13,108.46,109.16,108.06,108.66,1896000
FPT,2026-05-14,108.68,109.38,108.28,108.88,1908000
HPG,2026-02-14,26.6,27.3,26.2,26.8,2200000
HPG,2026-02-15,26.67,27.37,26.27,26.87,2212000
HPG,2026-02-16,26.74,27.44,26.34,26.94,2224000
HPG,2026-02-17,26.81,27.51,26.41,27.01,2236000
HPG,2026-02-18,26.88,27.58,26.48,27.08,2248000
HPG,2026-02-19,26.45,27.15,26.05,26.65,2260000
HPG,2026-02-20,26.52,27.22,26.12,26.72,2272000
HPG,2026-02-21,26.59,27.29,26.19,26.79,2284000
HPG,2026-02-22,26.66,27.36,26.26,26.86,2296000
HPG,2026-02-23,26.73,27.43,26.33,26.93,2308000
HPG,2026-02-24,26.3,27.0,25.9,26.5,2200000
HPG,2026-02-25,26.37,27.07,25.97,26.57,2212000
HPG,2026-02-26,26.44,27.14,26.04,26.64,2224000
HPG,2026-02-27,26.51,27.21,26.11,26.71,2236000
HPG,2026-02-28,26.58,27.28,26.18,26.78,2248000
HPG,2026-03-01,26.15,26.85,25.75,26.35,2260000
HPG,2026-03-02,26.22,26.92,25.82,26.42,2272000
HPG,2026-03-03,26.29,26.99,25.89,26.49,2284000
HPG,2026-03-04,26.36,27.06,25.96,26.56,2296000
HPG,2026-03-05,26.43,27.13,26.03,26.63,2308000
HPG,2026-03-06,26.0,26.7,25.6,26.2,2200000
HPG,2026-03-07,26.07,26.77,25.67,26.27,2212000
HPG,2026-03-08,26.14,26.84,25.74,26.34,2224000
HPG,2026-03-09,26.21,26.91,25.81,26.41,2236000
HPG,2026-03-10,26.28,26.98,25.88,26.48,2248000
HPG,2026-03-11,25.85,26.55,25.45,26.05,2260000
HPG,2026-03-12,25.92,26.62,25.52,26.12,2272000
HPG,2026-03-13,25.99,26.69,25.59,26.19,2284000
HPG,2026-03-14,26.06,26.76,25.66,26.26,2296000
HPG,2026-03-15,26.13,26.83,25.73,26.33,2308000
HPG,2026-03-16,25.7,26.4,25.3,25.9,2200000
HPG,2026-03-17,25.77,26.47,25.37,25.97,2212000
HPG,2026-03-18,25.84,26.54,25.44,26.04,2224000
HPG,2026-03-19,25.91,26.61,25.51,26.11,2236000
HPG,2026-03-20,25.98,26.68,25.58,26.18,2248000
HPG,2026-03-21,25.55,26.25,25.15,25.75,2260000
HPG,2026-03-22,25.62,26.32,25.22,25.82,2272000
HPG,2026-03-23,25.69,26.39,25.29,25.89,2284000
HPG,2026-03-24,25.76,26.46,25.36,25.96,2296000
HPG,2026-03-25,25.83,26.53,25.43,26.03,2308000
HPG,2026-03-26,25.4,26.1,25.0,25.6,2200000
HPG,2026-03-27,25.47,26.17,25.07,25.67,2212000
HPG,2026-03-28,25.54,26.24,25.14,25.74,2224000
HPG,2026-03-29,25.61,26.31,25.21,25.81,2236000
HPG,2026-03-30,25.68,26.38,25.28,25.88,2248000
HPG,2026-03-31,25.25,25.95,24.85,25.45,2260000
HPG,2026-04-01,25.32,26.02,24.92,25.52,2272000
HPG,2026-04-02,25.39,26.09,24.99,25.59,2284000
HPG,2026-04-03,25.46,26.16,25.06,25.66,2296000
HPG,2026-04-04,25.53,26.23,25.13,25.73,2308000
HPG,2026-04-05,25.1,25.8,24.7,25.3,2200000
HPG,2026-04-06,25.17,25.87,24.77,25.37,2212000
HPG,2026-04-07,25.24,25.94,24.84,25.44,2224000
HPG,2026-04-08,25.31,26.01,24.91,25.51,2236000
HPG,2026-04-09,25.38,26.08,24.98,25.58,2248000
HPG,2026-04-10,24.95,25.65,24.55,25.15,2260000
HPG,2026-04-11,25.02,25.72,24.62,25.22,2272000
HPG,2026-04-12,25.09,25.79,24.69,25.29,2284000
HPG,2026-04-13,25.16,25.86,24.76,25.36,2296000
HPG,2026-04-14,25.23,25.93,24.83,25.43,2308000
HPG,2026-04-15,24.8,25.5,24.4,25.0,2200000
HPG,2026-04-16,24.87,25.57,24.47,25.07,2212000
HPG,2026-04-17,24.94,25.64,24.54,25.14,2224000
HPG,2026-04-18,25.01,25.71,24.61,25.21,2236000
HPG,2026-04-19,25.08,25.78,24.68,25.28,2248000
HPG,2026-04-20,24.65,25.35,24.25,24.85,2260000
HPG,2026-04-21,24.72,25.42,24.32,24.92,2272000
HPG,2026-04-22,24.79,25.49,24.39,24.99,2284000
HPG,2026-04-23,24.86,25.56,24.46,25.06,2296000
HPG,2026-04-24,24.93,25.63,24.53,25.13,2308000
HPG,2026-04-25,24.5,25.2,24.1,24.7,2200000
HPG,2026-04-26,24.57,25.27,24.17,24.77,2212000
HPG,2026-04-27,24.64,25.34,24.24,24.84,2224000
HPG,2026-04-28,24.71,25.41,24.31,24.91,2236000
HPG,2026-04-29,24.78,25.48,24.38,24.98,2248000
HPG,2026-04-30,24.35,25.05,23.95,24.55,2260000
HPG,2026-05-01,24.42,25.12,24.02,24.62,2272000
HPG,2026-05-02,24.49,25.19,24.09,24.69,2284000
HPG,2026-05-03,24.56,25.26,24.16,24.76,2296000
HPG,2026-05-04,24.63,25.33,24.23,24.83,2308000
HPG,2026-05-05,24.2,24.9,23.8,24.4,2200000
HPG,2026-05-06,24.27,24.97,23.87,24.47,2212000
HPG,2026-05-07,24.34,25.04,23.94,24.54,2224000
HPG,2026-05-08,24.41,25.11,24.01,24.61,2236000
HPG,2026-05-09,24.48,25.18,24.08,24.68,2248000
HPG,2026-05-10,24.05,24.75,23.65,24.25,2260000
HPG,2026-05-11,24.12,24.82,23.72,24.32,2272000
HPG,2026-05-12,24.19,24.89,23.79,24.39,2284000
HPG,2026-05-13,24.26,24.96,23.86,24.46,2296000
HPG,2026-05-14,24.33,25.03,23.93,24.53,2308000
VCB,2026-02-14,83.6,84.3,83.2,83.8,1500000
VCB,2026-02-15,83.74,84.44,83.34,83.94,1512000
VCB,2026-02-16,83.88,84.58,83.48,84.08,1524000
VCB,2026-02-17,84.02,84.72,83.62,84.22,1536000
VCB,2026-02-18,84.16,84.86,83.76,84.36,1548000
VCB,2026-02-19,83.8,84.5,83.4,84.0,1560000
VCB,2026-02-20,83.94,84.64,83.54,84.14,1572000
VCB,2026-02-21,84.08,84.78,83.68,84.28,1584000
VCB,2026-02-22,84.22,84.92,83.82,84.42,1596000
VCB,2026-02-23,84.36,85.06,83.96,84.56,1608000
VCB,2026-02-24,84.0,84.7,83.6,84.2,1500000
VCB,2026-02-25,84.14,84.84,83.74,84.34,1512000
VCB,2026-02-26,84.28,84.98,83.88,84.48,1524000
VCB,2026-02-27,84.42,85.12,84.02,84.62,1536000
VCB,2026-02-28,84.56,85.26,84.16,84.76,1548000
VCB,2026-03-01,84.2,84.9,83.8,84.4,1560000
VCB,2026-03-02,84.34,85.04,83.94,84.54,1572000
VCB,2026-03-03,84.48,85.18,84.08,84.68,1584000
VCB,2026-03-04,84.62,85.32,84.22,84.82,1596000
VCB,2026-03-05,84.76,85.46,84.36,84.96,1608000
VCB,2026-03-06,84.4,85.1,84.0,84.6,1500000
VCB,2026-03-07,84.54,85.24,84.14,84.74,1512000
VCB,2026-03-08,84.68,85.38,84.28,84.88,1524000
VCB,2026-03-09,84.82,85.52,84.42,85.02,1536000
VCB,2026-03-10,84.96,85.66,84.56,85.16,1548000
VCB,2026-03-11,84.6,85.3,84.2,84.8,1560000
VCB,2026-03-12,84.74,85.44,84.34,84.94,1572000
VCB,2026-03-13,84.88,85.58,84.48,85.08,1584000
VCB,2026-03-14,85.02,85.72,84.62,85.22,1596000
VCB,2026-03-15,85.16,85.86,84.76,85.36,1608000
VCB,2026-03-16,84.8,85.5,84.4,85.0,1500000
VCB,2026-03-17,84.94,85.64,84.54,85.14,1512000
VCB,2026-03-18,85.08,85.78,84.68,85.28,1524000
VCB,2026-03-19,85.22,85.92,84.82,85.42,1536000
VCB,2026-03-20,85.36,86.06,84.96,85.56,1548000
VCB,2026-03-21,85.0,85.7,84.6,85.2,1560000
VCB,2026-03-22,85.14,85.84,84.74,85.34,1572000
VCB,2026-03-23,85.28,85.98,84.88,85.48,1584000
VCB,2026-03-24,85.42,86.12,85.02,85.62,1596000
VCB,2026-03-25,85.56,86.26,85.16,85.76,1608000
VCB,2026-03-26,85.2,85.9,84.8,85.4,1500000
VCB,2026-03-27,85.34,86.04,84.94,85.54,1512000
VCB,2026-03-28,85.48,86.18,85.08,85.68,1524000
VCB,2026-03-29,85.62,86.32,85.22,85.82,1536000
VCB,2026-03-30,85.76,86.46,85.36,85.96,1548000
VCB,2026-03-31,85.4,86.1,85.0,85.6,1560000
VCB,2026-04-01,85.54,86.24,85.14,85.74,1572000
VCB,2026-04-02,85.68,86.38,85.28,85.88,1584000
VCB,2026-04-03,85.82,86.52,85.42,86.02,1596000
VCB,2026-04-04,85.96,86.66,85.56,86.16,1608000
VCB,2026-04-05,85.6,86.3,85.2,85.8,1500000
VCB,2026-04-06,85.74,86.44,85.34,85.94,1512000
VCB,2026-04-07,85.88,86.58,85.48,86.08,1524000
VCB,2026-04-08,86.02,86.72,85.62,86.22,1536000
VCB,2026-04-09,86.16,86.86,85.76,86.36,1548000
VCB,2026-04-10,85.8,86.5,85.4,86.0,1560000
VCB,2026-04-11,85.94,86.64,85.54,86.14,1572000
VCB,2026-04-12,86.08,86.78,85.68,86.28,1584000
VCB,2026-04-13,86.22,86.92,85.82,86.42,1596000
VCB,2026-04-14,86.36,87.06,85.96,86.56,1608000
VCB,2026-04-15,86.0,86.7,85.6,86.2,1500000
VCB,2026-04-16,86.14,86.84,85.74,86.34,1512000
VCB,2026-04-17,86.28,86.98,85.88,86.48,1524000
VCB,2026-04-18,86.42,87.12,86.02,86.62,1536000
VCB,2026-04-19,86.56,87.26,86.16,86.76,1548000
VCB,2026-04-20,86.2,86.9,85.8,86.4,1560000
VCB,2026-04-21,86.34,87.04,85.94,86.54,1572000
VCB,2026-04-22,86.48,87.18,86.08,86.68,1584000
VCB,2026-04-23,86.62,87.32,86.22,86.82,1596000
VCB,2026-04-24,86.76,87.46,86.36,86.96,1608000
VCB,2026-04-25,86.4,87.1,86.0,86.6,1500000
VCB,2026-04-26,86.54,87.24,86.14,86.74,1512000
VCB,2026-04-27,86.68,87.38,86.28,86.88,1524000
VCB,2026-04-28,86.82,87.52,86.42,87.02,1536000
VCB,2026-04-29,86.96,87.66,86.56,87.16,1548000
VCB,2026-04-30,86.6,87.3,86.2,86.8,1560000
VCB,2026-05-01,86.74,87.44,86.34,86.94,1572000
VCB,2026-05-02,86.88,87.58,86.48,87.08,1584000
VCB,2026-05-03,87.02,87.72,86.62,87.22,1596000
VCB,2026-05-04,87.16,87.86,86.76,87.36,1608000
VCB,2026-05-05,86.8,87.5,86.4,87.0,1500000
VCB,2026-05-06,86.94,87.64,86.54,87.14,1512000
VCB,2026-05-07,87.08,87.78,86.68,87.28,1524000
VCB,2026-05-08,87.22,87.92,86.82,87.42,1536000
VCB,2026-05-09,87.36,88.06,86.96,87.56,1548000
VCB,2026-05-10,87.0,87.7,86.6,87.2,1560000
VCB,2026-05-11,87.14,87.84,86.74,87.34,1572000
VCB,2026-05-12,87.28,87.98,86.88,87.48,1584000
VCB,2026-05-13,87.42,88.12,87.02,87.62,1596000
VCB,2026-05-14,87.56,88.26,87.16,87.76,1608000
VNM,2026-02-14,65.6,66.3,65.2,65.8,1300000
VNM,2026-02-15,65.69,66.39,65.29,65.89,1312000
VNM,2026-02-16,65.78,66.48,65.38,65.98,1324000
VNM,2026-02-17,65.87,66.57,65.47,66.07,1336000
VNM,2026-02-18,65.96,66.66,65.56,66.16,1348000
VNM,2026-02-19,65.55,66.25,65.15,65.75,1360000
VNM,2026-02-20,65.64,66.34,65.24,65.84,1372000
VNM,2026-02-21,65.73,66.43,65.33,65.93,1384000
VNM,2026-02-22,65.82,66.52,65.42,66.02,1396000
VNM,2026-02-23,65.91,66.61,65.51,66.11,1408000
VNM,2026-02-24,65.5,66.2,65.1,65.7,1300000
VNM,2026-02-25,65.59,66.29,65.19,65.79,1312000
VNM,2026-02-26,65.68,66.38,65.28,65.88,1324000
VNM,2026-02-27,65.77,66.47,65.37,65.97,1336000
VNM,2026-02-28,65.86,66.56,65.46,66.06,1348000
VNM,2026-03-01,65.45,66.15,65.05,65.65,1360000
VNM,2026-03-02,65.54,66.24,65.14,65.74,1372000
VNM,2026-03-03,65.63,66.33,65.23,65.83,1384000
VNM,2026-03-04,65.72,66.42,65.32,65.92,1396000
VNM,2026-03-05,65.81,66.51,65.41,66.01,1408000
VNM,2026-03-06,65.4,66.1,65.0,65.6,1300000
VNM,2026-03-07,65.49,66.19,65.09,65.69,1312000
VNM,2026-03-08,65.58,66.28,65.18,65.78,1324000
VNM,2026-03-09,65.67,66.37,65.27,65.87,1336000
VNM,2026-03-10,65.76,66.46,65.36,65.96,1348000
VNM,2026-03-11,65.35,66.05,64.95,65.55,1360000
VNM,2026-03-12,65.44,66.14,65.04,65.64,1372000
VNM,2026-03-13,65.53,66.23,65.13,65.73,1384000
VNM,2026-03-14,65.62,66.32,65.22,65.82,1396000
VNM,2026-03-15,65.71,66.41,65.31,65.91,1408000
VNM,2026-03-16,65.3,66.0,64.9,65.5,1300000
VNM,2026-03-17,65.39,66.09,64.99,65.59,1312000
VNM,2026-03-18,65.48,66.18,65.08,65.68,1324000
VNM,2026-03-19,65.57,66.27,65.17,65.77,1336000
VNM,2026-03-20,65.66,66.36,65.26,65.86,1348000
VNM,2026-03-21,65.25,65.95,64.85,65.45,1360000
VNM,2026-03-22,65.34,66.04,64.94,65.54,1372000
VNM,2026-03-23,65.43,66.13,65.03,65.63,1384000
VNM,2026-03-24,65.52,66.22,65.12,65.72,1396000
VNM,2026-03-25,65.61,66.31,65.21,65.81,1408000
VNM,2026-03-26,65.2,65.9,64.8,65.4,1300000
VNM,2026-03-27,65.29,65.99,64.89,65.49,1312000
VNM,2026-03-28,65.38,66.08,64.98,65.58,1324000
VNM,2026-03-29,65.47,66.17,65.07,65.67,1336000
VNM,2026-03-30,65.56,66.26,65.16,65.76,1348000
VNM,2026-03-31,65.15,65.85,64.75,65.35,1360000
VNM,2026-04-01,65.24,65.94,64.84,65.44,1372000
VNM,2026-04-02,65.33,66.03,64.93,65.53,1384000
VNM,2026-04-03,65.42,66.12,65.02,65.62,1396000
VNM,2026-04-04,65.51,66.21,65.11,65.71,1408000
VNM,2026-04-05,65.1,65.8,64.7,65.3,1300000
VNM,2026-04-06,65.19,65.89,64.79,65.39,1312000
VNM,2026-04-07,65.28,65.98,64.88,65.48,1324000
VNM,2026-04-08,65.37,66.07,64.97,65.57,1336000
VNM,2026-04-09,65.46,66.16,65.06,65.66,1348000
VNM,2026-04-10,65.05,65.75,64.65,65.25,1360000
VNM,2026-04-11,65.14,65.84,64.74,65.34,1372000
VNM,2026-04-12,65.23,65.93,64.83,65.43,1384000
VNM,2026-04-13,65.32,66.02,64.92,65.52,1396000
VNM,2026-04-14,65.41,66.11,65.01,65.61,1408000
VNM,2026-04-15,65.0,65.7,64.6,65.2,1300000
VNM,2026-04-16,65.09,65.79,64.69,65.29,1312000
VNM,2026-04-17,65.18,65.88,64.78,65.38,1324000
VNM,2026-04-18,65.27,65.97,64.87,65.47,1336000
VNM,2026-04-19,65.36,66.06,64.96,65.56,1348000
VNM,2026-04-20,64.95,65.65,64.55,65.15,1360000
VNM,2026-04-21,65.04,65.74,64.64,65.24,1372000
VNM,2026-04-22,65.13,65.83,64.73,65.33,1384000
VNM,2026-04-23,65.22,65.92,64.82,65.42,1396000
VNM,2026-04-24,65.31,66.01,64.91,65.51,1408000
VNM,2026-04-25,64.9,65.6,64.5,65.1,1300000
VNM,2026-04-26,64.99,65.69,64.59,65.19,1312000
VNM,2026-04-27,65.08,65.78,64.68,65.28,1324000
VNM,2026-04-28,65.17,65.87,64.77,65.37,1336000
VNM,2026-04-29,65.26,65.96,64.86,65.46,1348000
VNM,2026-04-30,64.85,65.55,64.45,65.05,1360000
VNM,2026-05-01,64.94,65.64,64.54,65.14,1372000
VNM,2026-05-02,65.03,65.73,64.63,65.23,1384000
VNM,2026-05-03,65.12,65.82,64.72,65.32,1396000
VNM,2026-05-04,65.21,65.91,64.81,65.41,1408000
VNM,2026-05-05,64.8,65.5,64.4,65.0,1300000
VNM,2026-05-06,64.89,65.59,64.49,65.09,1312000
VNM,2026-05-07,64.98,65.68,64.58,65.18,1324000
VNM,2026-05-08,65.07,65.77,64.67,65.27,1336000
VNM,2026-05-09,65.16,65.86,64.76,65.36,1348000
VNM,2026-05-10,64.75,65.45,64.35,64.95,1360000
VNM,2026-05-11,64.84,65.54,64.44,65.04,1372000
VNM,2026-05-12,64.93,65.63,64.53,65.13,1384000
VNM,2026-05-13,65.02,65.72,64.62,65.22,1396000
VNM,2026-05-14,65.11,65.81,64.71,65.31,1408000
